"Dist Code","Year","State Code","State Name","Dist Name","RICE AREA (1000 ha)","RICE PRODUCTION (1000 tons)","RICE YIELD (Kg per ha)"
"83","1990","11","Tamil Nadu","Chengalpattu MGR Kancheepuram","231.96","743.65","3206.0"
"83","1991","11","Tamil Nadu","Chengalpattu MGR Kancheepuram","264.41","894.59","3383.0"
"83","1992","11","Tamil Nadu","Chengalpattu MGR Kancheepuram","237.07","729.92","3079.0"
"83","1993","11","Tamil Nadu","Chengalpattu MGR Kancheepuram","290.0","883.0","3045.0"
"83","1994","11","Tamil Nadu","Chengalpattu MGR Kancheepuram","260.71","850.76","3263.0"
"83","1995","11","Tamil Nadu","Chengalpattu MGR Kancheepuram","252.33","765.19","3032.0"
"83","1996","11","Tamil Nadu","Chengalpattu MGR Kancheepuram","155.37","456.72","2940.0"
"83","1997","11","Tamil Nadu","Chengalpattu MGR Kancheepuram","154.69","505.7","3269.0"
"83","1998","11","Tamil Nadu","Chengalpattu MGR Kancheepuram","149.88","522.55","3486.0"
"83","1999","11","Tamil Nadu","Chengalpattu MGR Kancheepuram","144.9","482.6","3331.0"
"83","2000","11","Tamil Nadu","Chengalpattu MGR Kancheepuram","132.86","435.5","3278.0"
"83","2001","11","Tamil Nadu","Chengalpattu MGR Kancheepuram","135.16","478.94","3544.0"
"83","2002","11","Tamil Nadu","Chengalpattu MGR Kancheepuram","97.42","278.09","2855.0"
"83","2003","11","Tamil Nadu","Chengalpattu MGR Kancheepuram","97.12","295.64","3044.0"
"83","2004","11","Tamil Nadu","Chengalpattu MGR Kancheepuram","101.67","307.11","3021.0"
"83","2005","11","Tamil Nadu","Chengalpattu MGR Kancheepuram","114.72","293.88","2562.0"
"83","2006","11","Tamil Nadu","Chengalpattu MGR Kancheepuram","103.11","395.13","3832.0"
"83","2007","11","Tamil Nadu","Chengalpattu MGR Kancheepuram","91.36","345.13","3778.0"
"83","2008","11","Tamil Nadu","Chengalpattu MGR Kancheepuram","90.87","329.21","3623.0"
"83","2009","11","Tamil Nadu","Chengalpattu MGR Kancheepuram","91.02","331.43","3641.0"
"83","2010","11","Tamil Nadu","Chengalpattu MGR Kancheepuram","95.74","378.63","3955.0"
"83","2011","11","Tamil Nadu","Chengalpattu MGR Kancheepuram","90.42","395.41","4373.0"
"83","2012","11","Tamil Nadu","Chengalpattu MGR Kancheepuram","77.78","344.88","4434.0"
"83","2013","11","Tamil Nadu","Chengalpattu MGR Kancheepuram","85.56","391.84","4580.0"
"83","2014","11","Tamil Nadu","Chengalpattu MGR Kancheepuram","61.88","289.9","4685.0"
"83","2015","11","Tamil Nadu","Chengalpattu MGR Kancheepuram","97.74","415.3","4249.0"
"83","2016","11","Tamil Nadu","Chengalpattu MGR Kancheepuram","72.62","288.04","3967.0"
"83","2017","11","Tamil Nadu","Chengalpattu MGR Kancheepuram","90.61","394.58","4354.0"
"84","1990","11","Tamil Nadu","South Arcot Cuddalore","179.94","611.61","3399.0"
"84","1991","11","Tamil Nadu","South Arcot Cuddalore","233.31","827.59","3547.0"
"84","1992","11","Tamil Nadu","South Arcot Cuddalore","241.88","780.58","3227.0"
"84","1993","11","Tamil Nadu","South Arcot Cuddalore","252.0","625.0","2480.0"
"84","1994","11","Tamil Nadu","South Arcot Cuddalore","108.94","410.99","3773.0"
"84","1995","11","Tamil Nadu","South Arcot Cuddalore","106.43","325.44","3058.0"
"84","1996","11","Tamil Nadu","South Arcot Cuddalore","116.4","218.63","1878.0"
"84","1997","11","Tamil Nadu","South Arcot Cuddalore","116.63","358.11","3070.0"
"84","1998","11","Tamil Nadu","South Arcot Cuddalore","110.79","370.94","3348.0"
"84","1999","11","Tamil Nadu","South Arcot Cuddalore","113.84","439.85","3864.0"
"84","2000","11","Tamil Nadu","South Arcot Cuddalore","114.32","419.74","3672.0"
"84","2001","11","Tamil Nadu","South Arcot Cuddalore","108.38","402.81","3717.0"
"84","2002","11","Tamil Nadu","South Arcot Cuddalore","102.34","281.71","2753.0"
"84","2003","11","Tamil Nadu","South Arcot Cuddalore","104.16","317.66","3050.0"
"84","2004","11","Tamil Nadu","South Arcot Cuddalore","114.6","315.7","2755.0"
"84","2005","11","Tamil Nadu","South Arcot Cuddalore","114.29","218.35","1910.0"
"84","2006","11","Tamil Nadu","South Arcot Cuddalore","105.44","392.38","3721.0"
"84","2007","11","Tamil Nadu","South Arcot Cuddalore","102.8","335.12","3260.0"
"84","2008","11","Tamil Nadu","South Arcot Cuddalore","107.82","223.88","2076.0"
"84","2009","11","Tamil Nadu","South Arcot Cuddalore","111.52","322.96","2896.0"
"84","2010","11","Tamil Nadu","South Arcot Cuddalore","115.82","301.51","2603.0"
"84","2011","11","Tamil Nadu","South Arcot Cuddalore","120.98","248.24","2052.0"
"84","2012","11","Tamil Nadu","South Arcot Cuddalore","111.96","339.29","3030.0"
"84","2013","11","Tamil Nadu","South Arcot Cuddalore","127.49","565.96","4439.0"
"84","2014","11","Tamil Nadu","South Arcot Cuddalore","134.68","641.96","4767.0"
"84","2015","11","Tamil Nadu","South Arcot Cuddalore","139.99","507.13","3623.0"
"84","2016","11","Tamil Nadu","South Arcot Cuddalore","131.91","459.91","3487.0"
"84","2017","11","Tamil Nadu","South Arcot Cuddalore","131.22","564.54","4302.0"
"85","1990","11","Tamil Nadu","North Arcot Vellore","34.57","100.85","2917.0"
"85","1991","11","Tamil Nadu","North Arcot Vellore","70.44","223.1","3167.0"
"85","1992","11","Tamil Nadu","North Arcot Vellore","48.5","107.95","2226.0"
"85","1993","11","Tamil Nadu","North Arcot Vellore","70.0","185.0","2643.0"
"85","1994","11","Tamil Nadu","North Arcot Vellore","52.68","146.06","2773.0"
"85","1995","11","Tamil Nadu","North Arcot Vellore","60.52","168.73","2788.0"
"85","1996","11","Tamil Nadu","North Arcot Vellore","86.85","260.57","3000.0"
"85","1997","11","Tamil Nadu","North Arcot Vellore","71.61","236.91","3308.0"
"85","1998","11","Tamil Nadu","North Arcot Vellore","77.13","295.87","3836.0"
"85","1999","11","Tamil Nadu","North Arcot Vellore","49.87","217.18","4355.0"
"85","2000","11","Tamil Nadu","North Arcot Vellore","52.33","211.44","4041.0"
"85","2001","11","Tamil Nadu","North Arcot Vellore","60.11","234.13","3895.0"
"85","2002","11","Tamil Nadu","North Arcot Vellore","26.29","89.86","3418.0"
"85","2003","11","Tamil Nadu","North Arcot Vellore","30.91","108.17","3500.0"
"85","2004","11","Tamil Nadu","North Arcot Vellore","29.4","90.15","3066.0"
"85","2005","11","Tamil Nadu","North Arcot Vellore","58.16","167.45","2879.0"
"85","2006","11","Tamil Nadu","North Arcot Vellore","41.69","129.19","3099.0"
"85","2007","11","Tamil Nadu","North Arcot Vellore","44.33","148.37","3347.0"
"85","2008","11","Tamil Nadu","North Arcot Vellore","47.42","171.87","3624.0"
"85","2009","11","Tamil Nadu","North Arcot Vellore","39.77","135.83","3415.0"
"85","2010","11","Tamil Nadu","North Arcot Vellore","43.22","152.83","3536.0"
"85","2011","11","Tamil Nadu","North Arcot Vellore","37.99","151.27","3982.0"
"85","2012","11","Tamil Nadu","North Arcot Vellore","35.71","152.8","4279.0"
"85","2013","11","Tamil Nadu","North Arcot Vellore","39.37","192.5","4890.0"
"85","2014","11","Tamil Nadu","North Arcot Vellore","36.58","194.73","5323.0"
"85","2015","11","Tamil Nadu","North Arcot Vellore","51.77","202.22","3906.0"
"85","2016","11","Tamil Nadu","North Arcot Vellore","44.57","187.01","4196.0"
"85","2017","11","Tamil Nadu","North Arcot Vellore","54.94","255.17","4645.0"
"86","1990","11","Tamil Nadu","Salem","30.38","101.04","3326.0"
"86","1991","11","Tamil Nadu","Salem","67.82","229.93","3390.0"
"86","1992","11","Tamil Nadu","Salem","56.81","191.75","3375.0"
"86","1993","11","Tamil Nadu","Salem","75.0","242.0","3227.0"
"86","1994","11","Tamil Nadu","Salem","67.99","236.29","3475.0"
"86","1995","11","Tamil Nadu","Salem","66.01","227.53","3447.0"
"86","1996","11","Tamil Nadu","Salem","45.15","169.72","3759.0"
"86","1997","11","Tamil Nadu","Salem","46.48","187.98","4044.0"
"86","1998","11","Tamil Nadu","Salem","48.3","213.84","4427.0"
"86","1999","11","Tamil Nadu","Salem","47.05","199.43","4239.0"
"86","2000","11","Tamil Nadu","Salem","45.96","201.22","4378.0"
"86","2001","11","Tamil Nadu","Salem","46.23","204.3","4419.0"
"86","2002","11","Tamil Nadu","Salem","11.06","39.59","3580.0"
"86","2003","11","Tamil Nadu","Salem","13.59","43.65","3212.0"
"86","2004","11","Tamil Nadu","Salem","27.3","96.63","3540.0"
"86","2005","11","Tamil Nadu","Salem","37.33","137.29","3678.0"
"86","2006","11","Tamil Nadu","Salem","27.48","99.81","3632.0"
"86","2007","11","Tamil Nadu","Salem","21.71","72.08","3320.0"
"86","2008","11","Tamil Nadu","Salem","29.93","120.38","4022.0"
"86","2009","11","Tamil Nadu","Salem","24.38","106.46","4367.0"
"86","2010","11","Tamil Nadu","Salem","33.3","147.78","4438.0"
"86","2011","11","Tamil Nadu","Salem","27.75","125.33","4516.0"
"86","2012","11","Tamil Nadu","Salem","12.93","52.95","4095.0"
"86","2013","11","Tamil Nadu","Salem","20.15","97.05","4816.0"
"86","2014","11","Tamil Nadu","Salem","19.34","102.75","5313.0"
"86","2015","11","Tamil Nadu","Salem","24.71","122.54","4959.0"
"86","2016","11","Tamil Nadu","Salem","18.68","94.74","5072.0"
"86","2017","11","Tamil Nadu","Salem","18.68","94.74","5071.0"
"87","1990","11","Tamil Nadu","Coimbatore","18.16","62.75","3455.0"
"87","1991","11","Tamil Nadu","Coimbatore","21.29","73.83","3468.0"
"87","1992","11","Tamil Nadu","Coimbatore","27.03","86.26","3191.0"
"87","1993","11","Tamil Nadu","Coimbatore","25.0","83.0","3320.0"
"87","1994","11","Tamil Nadu","Coimbatore","19.34","71.48","3696.0"
"87","1995","11","Tamil Nadu","Coimbatore","13.85","46.86","3383.0"
"87","1996","11","Tamil Nadu","Coimbatore","17.47","65.12","3728.0"
"87","1997","11","Tamil Nadu","Coimbatore","18.7","57.67","3084.0"
"87","1998","11","Tamil Nadu","Coimbatore","12.26","44.25","3609.0"
"87","1999","11","Tamil Nadu","Coimbatore","17.88","69.35","3879.0"
"87","2000","11","Tamil Nadu","Coimbatore","14.11","50.03","3546.0"
"87","2001","11","Tamil Nadu","Coimbatore","10.55","37.2","3526.0"
"87","2002","11","Tamil Nadu","Coimbatore","6.58","22.15","3366.0"
"87","2003","11","Tamil Nadu","Coimbatore","3.65","10.64","2915.0"
"87","2004","11","Tamil Nadu","Coimbatore","7.24","24.45","3377.0"
"87","2005","11","Tamil Nadu","Coimbatore","7.41","20.67","2789.0"
"87","2006","11","Tamil Nadu","Coimbatore","6.22","24.01","3860.0"
"87","2007","11","Tamil Nadu","Coimbatore","6.48","24.46","3775.0"
"87","2008","11","Tamil Nadu","Coimbatore","2.57","4.8","1868.0"
"87","2009","11","Tamil Nadu","Coimbatore","2.82","9.88","3504.0"
"87","2010","11","Tamil Nadu","Coimbatore","2.67","10.42","3903.0"
"87","2011","11","Tamil Nadu","Coimbatore","2.63","10.49","3989.0"
"87","2012","11","Tamil Nadu","Coimbatore","2.16","7.89","3653.0"
"87","2013","11","Tamil Nadu","Coimbatore","2.16","10.14","4694.0"
"87","2014","11","Tamil Nadu","Coimbatore","2.17","9.97","4594.0"
"87","2015","11","Tamil Nadu","Coimbatore","2.03","7.94","3911.0"
"87","2016","11","Tamil Nadu","Coimbatore","0.87","3.52","4034.0"
"87","2017","11","Tamil Nadu","Coimbatore","0.68","2.33","3421.0"
"88","1990","11","Tamil Nadu","Tiruchirapalli Trichy","92.68","299.42","3231.0"
"88","1991","11","Tamil Nadu","Tiruchirapalli Trichy","113.85","416.96","3662.0"
"88","1992","11","Tamil Nadu","Tiruchirapalli Trichy","142.7","475.39","3331.0"
"88","1993","11","Tamil Nadu","Tiruchirapalli Trichy","136.0","432.0","3176.0"
"88","1994","11","Tamil Nadu","Tiruchirapalli Trichy","139.72","480.72","3441.0"
"88","1995","11","Tamil Nadu","Tiruchirapalli Trichy","119.89","341.38","2847.0"
"88","1996","11","Tamil Nadu","Tiruchirapalli Trichy","58.58","179.68","3067.0"
"88","1997","11","Tamil Nadu","Tiruchirapalli Trichy","67.73","223.53","3300.0"
"88","1998","11","Tamil Nadu","Tiruchirapalli Trichy","74.09","316.52","4272.0"
"88","1999","11","Tamil Nadu","Tiruchirapalli Trichy","80.91","354.67","4384.0"
"88","2000","11","Tamil Nadu","Tiruchirapalli Trichy","81.18","316.77","3902.0"
"88","2001","11","Tamil Nadu","Tiruchirapalli Trichy","72.32","296.51","4100.0"
"88","2002","11","Tamil Nadu","Tiruchirapalli Trichy","51.75","154.95","2994.0"
"88","2003","11","Tamil Nadu","Tiruchirapalli Trichy","42.93","126.08","2937.0"
"88","2004","11","Tamil Nadu","Tiruchirapalli Trichy","62.18","205.4","3303.0"
"88","2005","11","Tamil Nadu","Tiruchirapalli Trichy","79.58","236.74","2975.0"
"88","2006","11","Tamil Nadu","Tiruchirapalli Trichy","71.72","282.44","3938.0"
"88","2007","11","Tamil Nadu","Tiruchirapalli Trichy","61.29","227.33","3709.0"
"88","2008","11","Tamil Nadu","Tiruchirapalli Trichy","72.53","262.38","3618.0"
"88","2009","11","Tamil Nadu","Tiruchirapalli Trichy","64.3","266.27","4141.0"
"88","2010","11","Tamil Nadu","Tiruchirapalli Trichy","67.17","268.14","3992.0"
"88","2011","11","Tamil Nadu","Tiruchirapalli Trichy","63.94","302.48","4731.0"
"88","2012","11","Tamil Nadu","Tiruchirapalli Trichy","45.24","138.08","3052.0"
"88","2013","11","Tamil Nadu","Tiruchirapalli Trichy","48.05","226.63","4717.0"
"88","2014","11","Tamil Nadu","Tiruchirapalli Trichy","51.27","240.2","4685.0"
"88","2015","11","Tamil Nadu","Tiruchirapalli Trichy","58.57","244.21","4170.0"
"88","2016","11","Tamil Nadu","Tiruchirapalli Trichy","58.57","244.21","4170.0"
"88","2017","11","Tamil Nadu","Tiruchirapalli Trichy","46.62","238.33","5112.0"
"89","1990","11","Tamil Nadu","Thanjavur","459.42","1403.46","3055.0"
"89","1991","11","Tamil Nadu","Thanjavur","471.62","1575.31","3340.0"
"89","1992","11","Tamil Nadu","Thanjavur","222.22","727.98","3276.0"
"89","1993","11","Tamil Nadu","Thanjavur","222.0","562.0","2532.0"
"89","1994","11","Tamil Nadu","Thanjavur","210.36","669.31","3182.0"
"89","1995","11","Tamil Nadu","Thanjavur","188.8","528.5","2799.0"
"89","1996","11","Tamil Nadu","Thanjavur","167.11","427.37","2557.0"
"89","1997","11","Tamil Nadu","Thanjavur","181.5","489.77","2698.0"
"89","1998","11","Tamil Nadu","Thanjavur","184.49","580.52","3147.0"
"89","1999","11","Tamil Nadu","Thanjavur","188.91","654.2","3463.0"
"89","2000","11","Tamil Nadu","Thanjavur","191.8","719.0","3749.0"
"89","2001","11","Tamil Nadu","Thanjavur","192.16","561.65","2923.0"
"89","2002","11","Tamil Nadu","Thanjavur","139.19","318.33","2287.0"
"89","2003","11","Tamil Nadu","Thanjavur","123.29","354.94","2879.0"
"89","2004","11","Tamil Nadu","Thanjavur","160.61","439.32","2735.0"
"89","2005","11","Tamil Nadu","Thanjavur","154.9","399.48","2579.0"
"89","2006","11","Tamil Nadu","Thanjavur","164.24","598.16","3642.0"
"89","2007","11","Tamil Nadu","Thanjavur","150.23","479.64","3193.0"
"89","2008","11","Tamil Nadu","Thanjavur","177.09","357.16","2017.0"
"89","2009","11","Tamil Nadu","Thanjavur","162.94","427.14","2621.0"
"89","2010","11","Tamil Nadu","Thanjavur","166.21","476.79","2869.0"
"89","2011","11","Tamil Nadu","Thanjavur","180.86","722.58","3995.0"
"89","2012","11","Tamil Nadu","Thanjavur","146.96","431.12","2934.0"
"89","2013","11","Tamil Nadu","Thanjavur","167.29","831.48","4970.0"
"89","2014","11","Tamil Nadu","Thanjavur","177.76","696.19","3916.0"
"89","2015","11","Tamil Nadu","Thanjavur","177.43","637.0","3590.0"
"89","2016","11","Tamil Nadu","Thanjavur","177.43","637.0","3590.0"
"89","2017","11","Tamil Nadu","Thanjavur","170.7","668.51","3916.0"
"90","1990","11","Tamil Nadu","Madurai","119.15","409.55","3437.0"
"90","1991","11","Tamil Nadu","Madurai","102.54","363.75","3547.0"
"90","1992","11","Tamil Nadu","Madurai","116.33","443.03","3808.0"
"90","1993","11","Tamil Nadu","Madurai","118.0","433.0","3669.0"
"90","1994","11","Tamil Nadu","Madurai","114.96","472.7","4112.0"
"90","1995","11","Tamil Nadu","Madurai","88.92","266.06","2992.0"
"90","1996","11","Tamil Nadu","Madurai","84.71","299.27","3533.0"
"90","1997","11","Tamil Nadu","Madurai","83.06","314.38","3785.0"
"90","1998","11","Tamil Nadu","Madurai","87.23","409.87","4699.0"
"90","1999","11","Tamil Nadu","Madurai","82.33","365.05","4434.0"
"90","2000","11","Tamil Nadu","Madurai","76.91","325.0","4226.0"
"90","2001","11","Tamil Nadu","Madurai","68.13","271.59","3986.0"
"90","2002","11","Tamil Nadu","Madurai","43.96","112.17","2552.0"
"90","2003","11","Tamil Nadu","Madurai","23.93","65.02","2717.0"
"90","2004","11","Tamil Nadu","Madurai","60.37","196.58","3256.0"
"90","2005","11","Tamil Nadu","Madurai","71.0","234.49","3303.0"
"90","2006","11","Tamil Nadu","Madurai","67.23","267.52","3979.0"
"90","2007","11","Tamil Nadu","Madurai","61.86","214.88","3474.0"
"90","2008","11","Tamil Nadu","Madurai","66.7","267.23","4006.0"
"90","2009","11","Tamil Nadu","Madurai","50.99","203.62","3993.0"
"90","2010","11","Tamil Nadu","Madurai","61.06","260.06","4259.0"
"90","2011","11","Tamil Nadu","Madurai","65.64","304.24","4635.0"
"90","2012","11","Tamil Nadu","Madurai","18.02","65.0","3607.0"
"90","2013","11","Tamil Nadu","Madurai","35.27","163.97","4649.0"
"90","2014","11","Tamil Nadu","Madurai","47.72","197.5","4139.0"
"90","2015","11","Tamil Nadu","Madurai","55.98","203.67","3638.0"
"90","2016","11","Tamil Nadu","Madurai","55.98","203.67","3638.0"
"90","2017","11","Tamil Nadu","Madurai","20.93","84.58","4041.0"
"91","1990","11","Tamil Nadu","Ramananthapuram","151.27","263.44","1742.0"
"91","1991","11","Tamil Nadu","Ramananthapuram","137.38","69.47","506.0"
"91","1992","11","Tamil Nadu","Ramananthapuram","146.34","224.91","1537.0"
"91","1993","11","Tamil Nadu","Ramananthapuram","144.0","319.0","2215.0"
"91","1994","11","Tamil Nadu","Ramananthapuram","144.74","213.84","1477.0"
"91","1995","11","Tamil Nadu","Ramananthapuram","128.38","13.03","101.0"
"91","1996","11","Tamil Nadu","Ramananthapuram","132.4","148.34","1120.0"
"91","1997","11","Tamil Nadu","Ramananthapuram","144.63","480.49","3322.0"
"91","1998","11","Tamil Nadu","Ramananthapuram","132.34","377.45","2852.0"
"91","1999","11","Tamil Nadu","Ramananthapuram","129.88","85.2","656.0"
"91","2000","11","Tamil Nadu","Ramananthapuram","124.28","237.08","1908.0"
"91","2001","11","Tamil Nadu","Ramananthapuram","124.52","169.9","1364.0"
"91","2002","11","Tamil Nadu","Ramananthapuram","126.15","159.79","1267.0"
"91","2003","11","Tamil Nadu","Ramananthapuram","121.03","20.77","172.0"
"91","2004","11","Tamil Nadu","Ramananthapuram","126.61","254.7","2012.0"
"91","2005","11","Tamil Nadu","Ramananthapuram","127.4","247.08","1939.0"
"91","2006","11","Tamil Nadu","Ramananthapuram","130.42","223.19","1711.0"
"91","2007","11","Tamil Nadu","Ramananthapuram","123.77","29.88","241.0"
"91","2008","11","Tamil Nadu","Ramananthapuram","128.8","202.99","1576.0"
"91","2009","11","Tamil Nadu","Ramananthapuram","133.89","234.88","1754.0"
"91","2010","11","Tamil Nadu","Ramananthapuram","131.4","254.0","1933.0"
"91","2011","11","Tamil Nadu","Ramananthapuram","128.96","438.24","3398.0"
"91","2012","11","Tamil Nadu","Ramananthapuram","116.51","68.56","588.0"
"91","2013","11","Tamil Nadu","Ramananthapuram","114.98","33.93","295.0"
"91","2014","11","Tamil Nadu","Ramananthapuram","116.87","423.16","3621.0"
"91","2015","11","Tamil Nadu","Ramananthapuram","116.58","303.46","2603.0"
"91","2016","11","Tamil Nadu","Ramananthapuram","121.85","303.46","2490.0"
"91","2017","11","Tamil Nadu","Ramananthapuram","126.64","303.46","2396.0"
"92","1990","11","Tamil Nadu","Thirunelveli","101.4","398.26","3928.0"
"92","1991","11","Tamil Nadu","Thirunelveli","98.98","319.12","3224.0"
"92","1992","11","Tamil Nadu","Thirunelveli","103.61","420.35","4057.0"
"92","1993","11","Tamil Nadu","Thirunelveli","103.0","390.0","3786.0"
"92","1994","11","Tamil Nadu","Thirunelveli","102.36","488.42","4772.0"
"92","1995","11","Tamil Nadu","Thirunelveli","79.5","330.8","4161.0"
"92","1996","11","Tamil Nadu","Thirunelveli","68.04","264.55","3888.0"
"92","1997","11","Tamil Nadu","Thirunelveli","88.78","325.65","3668.0"
"92","1998","11","Tamil Nadu","Thirunelveli","91.78","413.41","4504.0"
"92","1999","11","Tamil Nadu","Thirunelveli","86.32","390.67","4526.0"
"92","2000","11","Tamil Nadu","Thirunelveli","76.29","338.96","4443.0"
"92","2001","11","Tamil Nadu","Thirunelveli","71.98","290.13","4031.0"
"92","2002","11","Tamil Nadu","Thirunelveli","66.21","266.29","4022.0"
"92","2003","11","Tamil Nadu","Thirunelveli","52.47","197.85","3771.0"
"92","2004","11","Tamil Nadu","Thirunelveli","86.83","358.92","4134.0"
"92","2005","11","Tamil Nadu","Thirunelveli","86.4","309.07","3577.0"
"92","2006","11","Tamil Nadu","Thirunelveli","91.88","385.28","4193.0"
"92","2007","11","Tamil Nadu","Thirunelveli","83.71","323.94","3870.0"
"92","2008","11","Tamil Nadu","Thirunelveli","91.32","374.21","4098.0"
"92","2009","11","Tamil Nadu","Thirunelveli","85.99","355.88","4139.0"
"92","2010","11","Tamil Nadu","Thirunelveli","79.76","351.82","4411.0"
"92","2011","11","Tamil Nadu","Thirunelveli","17.68","85.77","4851.0"
"92","2012","11","Tamil Nadu","Thirunelveli","45.4","182.67","4024.0"
"92","2013","11","Tamil Nadu","Thirunelveli","62.28","362.99","5828.0"
"92","2014","11","Tamil Nadu","Thirunelveli","84.82","433.22","5108.0"
"92","2015","11","Tamil Nadu","Thirunelveli","98.51","488.45","4958.0"
"92","2016","11","Tamil Nadu","Thirunelveli","29.88","105.19","3520.0"
"92","2017","11","Tamil Nadu","Thirunelveli","63.31","294.21","4647.0"
"93","1990","11","Tamil Nadu","The Nilgiris","2.78","6.89","2478.0"
"93","1991","11","Tamil Nadu","The Nilgiris","1.56","4.87","3122.0"
"93","1992","11","Tamil Nadu","The Nilgiris","1.87","3.84","2053.0"
"93","1993","11","Tamil Nadu","The Nilgiris","2.0","3.0","1500.0"
"93","1994","11","Tamil Nadu","The Nilgiris","1.59","3.16","1987.0"
"93","1995","11","Tamil Nadu","The Nilgiris","1.68","2.25","1339.0"
"93","1996","11","Tamil Nadu","The Nilgiris","1.94","3.08","1588.0"
"93","1997","11","Tamil Nadu","The Nilgiris","1.72","5.98","3477.0"
"93","1998","11","Tamil Nadu","The Nilgiris","1.74","7.05","4052.0"
"93","1999","11","Tamil Nadu","The Nilgiris","1.95","7.98","4092.0"
"93","2000","11","Tamil Nadu","The Nilgiris","2.03","8.35","4113.0"
"93","2001","11","Tamil Nadu","The Nilgiris","2.15","8.44","3926.0"
"93","2002","11","Tamil Nadu","The Nilgiris","1.85","6.23","3368.0"
"93","2003","11","Tamil Nadu","The Nilgiris","1.64","5.41","3299.0"
"93","2004","11","Tamil Nadu","The Nilgiris","1.44","4.76","3306.0"
"93","2005","11","Tamil Nadu","The Nilgiris","1.43","4.72","3301.0"
"93","2006","11","Tamil Nadu","The Nilgiris","1.25","4.0","3200.0"
"93","2007","11","Tamil Nadu","The Nilgiris","1.11","4.29","3865.0"
"93","2008","11","Tamil Nadu","The Nilgiris","0.78","3.05","3910.0"
"93","2009","11","Tamil Nadu","The Nilgiris","0.51","1.78","3490.0"
"93","2010","11","Tamil Nadu","The Nilgiris","0.39","1.4","3590.0"
"93","2011","11","Tamil Nadu","The Nilgiris","0.4","1.65","4125.0"
"93","2012","11","Tamil Nadu","The Nilgiris","0.29","1.15","3966.0"
"93","2013","11","Tamil Nadu","The Nilgiris","0.33","1.42","4303.0"
"93","2014","11","Tamil Nadu","The Nilgiris","0.03","0.15","5000.0"
"93","2015","11","Tamil Nadu","The Nilgiris","0.32","1.42","4438.0"
"93","2016","11","Tamil Nadu","The Nilgiris","0.24","1.04","4292.0"
"93","2017","11","Tamil Nadu","The Nilgiris","0.24","0.92","3854.0"
"94","1990","11","Tamil Nadu","Kanyakumari","41.23","127.82","3100.0"
"94","1991","11","Tamil Nadu","Kanyakumari","40.57","143.22","3530.0"
"94","1992","11","Tamil Nadu","Kanyakumari","38.79","118.92","3066.0"
"94","1993","11","Tamil Nadu","Kanyakumari","42.0","142.0","3381.0"
"94","1994","11","Tamil Nadu","Kanyakumari","37.57","151.65","4036.0"
"94","1995","11","Tamil Nadu","Kanyakumari","36.02","148.73","4129.0"
"94","1996","11","Tamil Nadu","Kanyakumari","33.66","138.93","4127.0"
"94","1997","11","Tamil Nadu","Kanyakumari","31.24","118.64","3798.0"
"94","1998","11","Tamil Nadu","Kanyakumari","32.0","152.8","4775.0"
"94","1999","11","Tamil Nadu","Kanyakumari","31.48","149.48","4748.0"
"94","2000","11","Tamil Nadu","Kanyakumari","28.59","135.0","4722.0"
"94","2001","11","Tamil Nadu","Kanyakumari","28.23","121.39","4300.0"
"94","2002","11","Tamil Nadu","Kanyakumari","26.05","98.47","3780.0"
"94","2003","11","Tamil Nadu","Kanyakumari","17.32","52.9","3054.0"
"94","2004","11","Tamil Nadu","Kanyakumari","22.02","86.49","3928.0"
"94","2005","11","Tamil Nadu","Kanyakumari","21.71","82.52","3801.0"
"94","2006","11","Tamil Nadu","Kanyakumari","21.41","94.13","4397.0"
"94","2007","11","Tamil Nadu","Kanyakumari","20.35","90.21","4433.0"
"94","2008","11","Tamil Nadu","Kanyakumari","18.19","83.66","4599.0"
"94","2009","11","Tamil Nadu","Kanyakumari","17.31","76.24","4404.0"
"94","2010","11","Tamil Nadu","Kanyakumari","16.99","80.39","4732.0"
"94","2011","11","Tamil Nadu","Kanyakumari","16.62","90.11","5422.0"
"94","2012","11","Tamil Nadu","Kanyakumari","12.41","57.88","4664.0"
"94","2013","11","Tamil Nadu","Kanyakumari","13.62","66.7","4897.0"
"94","2014","11","Tamil Nadu","Kanyakumari","13.18","66.94","5079.0"
"94","2015","11","Tamil Nadu","Kanyakumari","12.96","55.79","4305.0"
"94","2016","11","Tamil Nadu","Kanyakumari","12.16","48.67","4004.0"
"94","2017","11","Tamil Nadu","Kanyakumari","9.63","33.03","3431.0"
"506","1990","11","Tamil Nadu","Dharmapuri","29.93","96.18","3213.0"
"506","1991","11","Tamil Nadu","Dharmapuri","76.6","244.43","3191.0"
"506","1992","11","Tamil Nadu","Dharmapuri","47.35","119.2","2517.0"
"506","1993","11","Tamil Nadu","Dharmapuri","56.0","174.0","3107.0"
"506","1994","11","Tamil Nadu","Dharmapuri","50.99","187.55","3678.0"
"506","1995","11","Tamil Nadu","Dharmapuri","47.7","177.87","3729.0"
"506","1996","11","Tamil Nadu","Dharmapuri","59.81","183.31","3065.0"
"506","1997","11","Tamil Nadu","Dharmapuri","64.39","203.89","3166.0"
"506","1998","11","Tamil Nadu","Dharmapuri","62.18","229.33","3688.0"
"506","1999","11","Tamil Nadu","Dharmapuri","54.88","200.57","3655.0"
"506","2000","11","Tamil Nadu","Dharmapuri","55.91","190.83","3413.0"
"506","2001","11","Tamil Nadu","Dharmapuri","54.33","189.51","3488.0"
"506","2002","11","Tamil Nadu","Dharmapuri","30.15","77.6","2574.0"
"506","2003","11","Tamil Nadu","Dharmapuri","4.49","17.86","3978.0"
"506","2004","11","Tamil Nadu","Dharmapuri","13.92","38.57","2771.0"
"506","2005","11","Tamil Nadu","Dharmapuri","29.02","85.39","2942.0"
"506","2006","11","Tamil Nadu","Dharmapuri","21.06","76.07","3612.0"
"506","2007","11","Tamil Nadu","Dharmapuri","18.8","70.4","3745.0"
"506","2008","11","Tamil Nadu","Dharmapuri","20.37","77.73","3816.0"
"506","2009","11","Tamil Nadu","Dharmapuri","20.31","79.68","3923.0"
"506","2010","11","Tamil Nadu","Dharmapuri","22.86","93.21","4077.0"
"506","2011","11","Tamil Nadu","Dharmapuri","27.07","128.23","4737.0"
"506","2012","11","Tamil Nadu","Dharmapuri","12.0","53.67","4473.0"
"506","2013","11","Tamil Nadu","Dharmapuri","26.69","132.54","4966.0"
"506","2014","11","Tamil Nadu","Dharmapuri","18.3","95.16","5200.0"
"506","2015","11","Tamil Nadu","Dharmapuri","33.35","149.43","4481.0"
"506","2016","11","Tamil Nadu","Dharmapuri","33.35","149.43","4481.0"
"506","2017","11","Tamil Nadu","Dharmapuri","22.23","107.21","4822.0"
"507","1990","11","Tamil Nadu","Periyar(Erode)","64.26","277.26","4315.0"
"507","1991","11","Tamil Nadu","Periyar(Erode)","75.56","285.82","3783.0"
"507","1992","11","Tamil Nadu","Periyar(Erode)","75.76","279.08","3684.0"
"507","1993","11","Tamil Nadu","Periyar(Erode)","71.0","287.0","4042.0"
"507","1994","11","Tamil Nadu","Periyar(Erode)","64.78","278.52","4299.0"
"507","1995","11","Tamil Nadu","Periyar(Erode)","61.67","265.43","4304.0"
"507","1996","11","Tamil Nadu","Periyar(Erode)","67.58","280.93","4157.0"
"507","1997","11","Tamil Nadu","Periyar(Erode)","60.89","268.93","4417.0"
"507","1998","11","Tamil Nadu","Periyar(Erode)","57.96","272.6","4703.0"
"507","1999","11","Tamil Nadu","Periyar(Erode)","60.33","278.08","4609.0"
"507","2000","11","Tamil Nadu","Periyar(Erode)","58.02","260.66","4493.0"
"507","2001","11","Tamil Nadu","Periyar(Erode)","50.47","233.91","4635.0"
"507","2002","11","Tamil Nadu","Periyar(Erode)","16.69","74.47","4462.0"
"507","2003","11","Tamil Nadu","Periyar(Erode)","1.94","7.96","4103.0"
"507","2004","11","Tamil Nadu","Periyar(Erode)","55.35","216.25","3907.0"
"507","2005","11","Tamil Nadu","Periyar(Erode)","43.54","179.56","4124.0"
"507","2006","11","Tamil Nadu","Periyar(Erode)","38.55","161.6","4192.0"
"507","2007","11","Tamil Nadu","Periyar(Erode)","38.36","166.86","4350.0"
"507","2008","11","Tamil Nadu","Periyar(Erode)","38.05","196.32","5160.0"
"507","2009","11","Tamil Nadu","Periyar(Erode)","38.11","156.42","4104.0"
"507","2010","11","Tamil Nadu","Periyar(Erode)","36.66","154.54","4215.0"
"507","2011","11","Tamil Nadu","Periyar(Erode)","33.72","144.36","4281.0"
"507","2012","11","Tamil Nadu","Periyar(Erode)","6.6","29.13","4414.0"
"507","2013","11","Tamil Nadu","Periyar(Erode)","30.89","163.02","5277.0"
"507","2014","11","Tamil Nadu","Periyar(Erode)","37.19","177.0","4759.0"
"507","2015","11","Tamil Nadu","Periyar(Erode)","34.34","146.57","4268.0"
"507","2016","11","Tamil Nadu","Periyar(Erode)","34.4","146.47","4258.0"
"507","2017","11","Tamil Nadu","Periyar(Erode)","10.77","54.46","5057.0"
"508","1990","11","Tamil Nadu","Pudukkottai","68.44","172.55","2521.0"
"508","1991","11","Tamil Nadu","Pudukkottai","76.11","215.02","2825.0"
"508","1992","11","Tamil Nadu","Pudukkottai","98.25","299.33","3047.0"
"508","1993","11","Tamil Nadu","Pudukkottai","96.0","307.0","3198.0"
"508","1994","11","Tamil Nadu","Pudukkottai","91.99","290.01","3153.0"
"508","1995","11","Tamil Nadu","Pudukkottai","55.54","75.66","1362.0"
"508","1996","11","Tamil Nadu","Pudukkottai","82.1","216.09","2632.0"
"508","1997","11","Tamil Nadu","Pudukkottai","88.3","242.81","2750.0"
"508","1998","11","Tamil Nadu","Pudukkottai","99.01","312.65","3158.0"
"508","1999","11","Tamil Nadu","Pudukkottai","99.11","355.51","3587.0"
"508","2000","11","Tamil Nadu","Pudukkottai","94.79","323.09","3408.0"
"508","2001","11","Tamil Nadu","Pudukkottai","83.5","220.6","2642.0"
"508","2002","11","Tamil Nadu","Pudukkottai","76.44","158.38","2072.0"
"508","2003","11","Tamil Nadu","Pudukkottai","79.77","146.6","1838.0"
"508","2004","11","Tamil Nadu","Pudukkottai","94.03","277.28","2949.0"
"508","2005","11","Tamil Nadu","Pudukkottai","95.99","232.57","2423.0"
"508","2006","11","Tamil Nadu","Pudukkottai","93.37","283.99","3042.0"
"508","2007","11","Tamil Nadu","Pudukkottai","88.67","159.55","1799.0"
"508","2008","11","Tamil Nadu","Pudukkottai","96.39","179.77","1865.0"
"508","2009","11","Tamil Nadu","Pudukkottai","95.3","188.45","1977.0"
"508","2010","11","Tamil Nadu","Pudukkottai","92.9","208.87","2248.0"
"508","2011","11","Tamil Nadu","Pudukkottai","92.59","334.26","3610.0"
"508","2012","11","Tamil Nadu","Pudukkottai","83.59","240.39","2876.0"
"508","2013","11","Tamil Nadu","Pudukkottai","72.65","119.9","1650.0"
"508","2014","11","Tamil Nadu","Pudukkottai","67.24","279.13","4151.0"
"508","2015","11","Tamil Nadu","Pudukkottai","73.63","258.98","3517.0"
"508","2016","11","Tamil Nadu","Pudukkottai","69.14","258.98","3746.0"
"508","2017","11","Tamil Nadu","Pudukkottai","85.68","171.65","2003.0"
"509","1990","11","Tamil Nadu","Dindigul Anna","21.95","80.56","3670.0"
"509","1991","11","Tamil Nadu","Dindigul Anna","19.72","72.3","3666.0"
"509","1992","11","Tamil Nadu","Dindigul Anna","23.48","89.38","3807.0"
"509","1993","11","Tamil Nadu","Dindigul Anna","32.0","110.0","3438.0"
"509","1994","11","Tamil Nadu","Dindigul Anna","31.53","160.81","5100.0"
"509","1995","11","Tamil Nadu","Dindigul Anna","18.73","76.69","4095.0"
"509","1996","11","Tamil Nadu","Dindigul Anna","23.29","95.37","4095.0"
"509","1997","11","Tamil Nadu","Dindigul Anna","27.59","136.52","4948.0"
"509","1998","11","Tamil Nadu","Dindigul Anna","27.12","148.14","5462.0"
"509","1999","11","Tamil Nadu","Dindigul Anna","28.34","136.86","4829.0"
"509","2000","11","Tamil Nadu","Dindigul Anna","22.94","107.76","4697.0"
"509","2001","11","Tamil Nadu","Dindigul Anna","16.11","76.33","4738.0"
"509","2002","11","Tamil Nadu","Dindigul Anna","15.37","52.71","3429.0"
"509","2003","11","Tamil Nadu","Dindigul Anna","11.44","32.38","2830.0"
"509","2004","11","Tamil Nadu","Dindigul Anna","21.03","74.25","3531.0"
"509","2005","11","Tamil Nadu","Dindigul Anna","23.74","75.3","3172.0"
"509","2006","11","Tamil Nadu","Dindigul Anna","18.61","81.25","4366.0"
"509","2007","11","Tamil Nadu","Dindigul Anna","17.28","67.84","3926.0"
"509","2008","11","Tamil Nadu","Dindigul Anna","19.64","72.66","3700.0"
"509","2009","11","Tamil Nadu","Dindigul Anna","16.65","78.85","4736.0"
"509","2010","11","Tamil Nadu","Dindigul Anna","18.35","98.05","5343.0"
"509","2011","11","Tamil Nadu","Dindigul Anna","19.16","103.38","5396.0"
"509","2012","11","Tamil Nadu","Dindigul Anna","9.48","30.81","3250.0"
"509","2013","11","Tamil Nadu","Dindigul Anna","4.23","25.76","6090.0"
"509","2014","11","Tamil Nadu","Dindigul Anna","12.07","70.68","5856.0"
"509","2015","11","Tamil Nadu","Dindigul Anna","14.99","71.95","4800.0"
"509","2016","11","Tamil Nadu","Dindigul Anna","14.99","71.95","4800.0"
"509","2017","11","Tamil Nadu","Dindigul Anna","8.8","49.46","5619.0"
"510","1990","11","Tamil Nadu","Virudhunagar Kamarajar","36.78","123.49","3358.0"
"510","1991","11","Tamil Nadu","Virudhunagar Kamarajar","21.68","47.2","2177.0"
"510","1992","11","Tamil Nadu","Virudhunagar Kamarajar","34.27","108.69","3172.0"
"510","1993","11","Tamil Nadu","Virudhunagar Kamarajar","39.0","164.0","4205.0"
"510","1994","11","Tamil Nadu","Virudhunagar Kamarajar","36.74","87.08","2370.0"
"510","1995","11","Tamil Nadu","Virudhunagar Kamarajar","17.42","16.84","967.0"
"510","1996","11","Tamil Nadu","Virudhunagar Kamarajar","28.91","81.89","2833.0"
"510","1997","11","Tamil Nadu","Virudhunagar Kamarajar","36.21","112.24","3100.0"
"510","1998","11","Tamil Nadu","Virudhunagar Kamarajar","37.07","155.04","4182.0"
"510","1999","11","Tamil Nadu","Virudhunagar Kamarajar","32.56","131.07","4025.0"
"510","2000","11","Tamil Nadu","Virudhunagar Kamarajar","26.01","73.06","2809.0"
"510","2001","11","Tamil Nadu","Virudhunagar Kamarajar","29.39","92.27","3140.0"
"510","2002","11","Tamil Nadu","Virudhunagar Kamarajar","31.61","86.66","2742.0"
"510","2003","11","Tamil Nadu","Virudhunagar Kamarajar","24.14","43.98","1822.0"
"510","2004","11","Tamil Nadu","Virudhunagar Kamarajar","29.71","86.99","2928.0"
"510","2005","11","Tamil Nadu","Virudhunagar Kamarajar","30.78","98.48","3199.0"
"510","2006","11","Tamil Nadu","Virudhunagar Kamarajar","32.74","158.21","4832.0"
"510","2007","11","Tamil Nadu","Virudhunagar Kamarajar","28.21","93.09","3300.0"
"510","2008","11","Tamil Nadu","Virudhunagar Kamarajar","32.5","104.59","3218.0"
"510","2009","11","Tamil Nadu","Virudhunagar Kamarajar","26.62","64.72","2431.0"
"510","2010","11","Tamil Nadu","Virudhunagar Kamarajar","30.57","94.52","3092.0"
"510","2011","11","Tamil Nadu","Virudhunagar Kamarajar","29.66","118.47","3994.0"
"510","2012","11","Tamil Nadu","Virudhunagar Kamarajar","22.97","40.47","1762.0"
"510","2013","11","Tamil Nadu","Virudhunagar Kamarajar","16.47","68.15","4138.0"
"510","2014","11","Tamil Nadu","Virudhunagar Kamarajar","19.61","81.41","4151.0"
"510","2015","11","Tamil Nadu","Virudhunagar Kamarajar","28.61","100.61","3517.0"
"510","2016","11","Tamil Nadu","Virudhunagar Kamarajar","28.61","100.61","3517.0"
"510","2017","11","Tamil Nadu","Virudhunagar Kamarajar","18.54","70.47","3800.0"
"512","1990","11","Tamil Nadu","Sivagangai Pasumpon","89.34","203.12","2274.0"
"512","1991","11","Tamil Nadu","Sivagangai Pasumpon","85.6","153.64","1795.0"
"512","1992","11","Tamil Nadu","Sivagangai Pasumpon","97.06","257.35","2651.0"
"512","1993","11","Tamil Nadu","Sivagangai Pasumpon","96.0","261.0","2719.0"
"512","1994","11","Tamil Nadu","Sivagangai Pasumpon","99.82","261.46","2619.0"
"512","1995","11","Tamil Nadu","Sivagangai Pasumpon","72.06","57.95","804.0"
"512","1996","11","Tamil Nadu","Sivagangai Pasumpon","81.88","161.17","1968.0"
"512","1997","11","Tamil Nadu","Sivagangai Pasumpon","90.93","221.56","2437.0"
"512","1998","11","Tamil Nadu","Sivagangai Pasumpon","96.88","298.59","3082.0"
"512","1999","11","Tamil Nadu","Sivagangai Pasumpon","88.08","168.86","1917.0"
"512","2000","11","Tamil Nadu","Sivagangai Pasumpon","83.95","218.28","2600.0"
"512","2001","11","Tamil Nadu","Sivagangai Pasumpon","77.25","159.61","2066.0"
"512","2002","11","Tamil Nadu","Sivagangai Pasumpon","79.74","139.34","1747.0"
"512","2003","11","Tamil Nadu","Sivagangai Pasumpon","71.96","49.83","692.0"
"512","2004","11","Tamil Nadu","Sivagangai Pasumpon","85.14","179.54","2109.0"
"512","2005","11","Tamil Nadu","Sivagangai Pasumpon","89.92","192.74","2143.0"
"512","2006","11","Tamil Nadu","Sivagangai Pasumpon","81.39","109.45","1345.0"
"512","2007","11","Tamil Nadu","Sivagangai Pasumpon","76.73","78.94","1029.0"
"512","2008","11","Tamil Nadu","Sivagangai Pasumpon","80.83","132.14","1635.0"
"512","2009","11","Tamil Nadu","Sivagangai Pasumpon","77.33","138.1","1786.0"
"512","2010","11","Tamil Nadu","Sivagangai Pasumpon","83.93","188.42","2245.0"
"512","2011","11","Tamil Nadu","Sivagangai Pasumpon","83.78","310.18","3702.0"
"512","2012","11","Tamil Nadu","Sivagangai Pasumpon","70.63","130.31","1845.0"
"512","2013","11","Tamil Nadu","Sivagangai Pasumpon","65.45","46.08","704.0"
"512","2014","11","Tamil Nadu","Sivagangai Pasumpon","65.09","224.88","3455.0"
"512","2015","11","Tamil Nadu","Sivagangai Pasumpon","67.21","189.48","2819.0"
"512","2016","11","Tamil Nadu","Sivagangai Pasumpon","65.21","42.86","657.0"
"512","2017","11","Tamil Nadu","Sivagangai Pasumpon","72.15","64.52","894.0"
"513","1990","11","Tamil Nadu","Chidambanar Toothukudi","28.79","136.0","4724.0"
"513","1991","11","Tamil Nadu","Chidambanar Toothukudi","31.95","109.12","3415.0"
"513","1992","11","Tamil Nadu","Chidambanar Toothukudi","27.03","102.12","3778.0"
"513","1993","11","Tamil Nadu","Chidambanar Toothukudi","28.0","106.0","3786.0"
"513","1994","11","Tamil Nadu","Chidambanar Toothukudi","30.12","122.85","4079.0"
"513","1995","11","Tamil Nadu","Chidambanar Toothukudi","22.64","93.97","4151.0"
"513","1996","11","Tamil Nadu","Chidambanar Toothukudi","14.41","61.01","4234.0"
"513","1997","11","Tamil Nadu","Chidambanar Toothukudi","17.91","78.65","4391.0"
"513","1998","11","Tamil Nadu","Chidambanar Toothukudi","21.72","96.92","4462.0"
"513","1999","11","Tamil Nadu","Chidambanar Toothukudi","17.6","79.06","4492.0"
"513","2000","11","Tamil Nadu","Chidambanar Toothukudi","15.62","67.97","4351.0"
"513","2001","11","Tamil Nadu","Chidambanar Toothukudi","10.2","42.78","4194.0"
"513","2002","11","Tamil Nadu","Chidambanar Toothukudi","14.72","64.5","4382.0"
"513","2003","11","Tamil Nadu","Chidambanar Toothukudi","13.54","56.89","4202.0"
"513","2004","11","Tamil Nadu","Chidambanar Toothukudi","16.42","67.93","4137.0"
"513","2005","11","Tamil Nadu","Chidambanar Toothukudi","19.93","81.82","4105.0"
"513","2006","11","Tamil Nadu","Chidambanar Toothukudi","21.38","94.0","4397.0"
"513","2007","11","Tamil Nadu","Chidambanar Toothukudi","18.06","64.74","3585.0"
"513","2008","11","Tamil Nadu","Chidambanar Toothukudi","22.4","108.16","4829.0"
"513","2009","11","Tamil Nadu","Chidambanar Toothukudi","19.55","96.68","4945.0"
"513","2010","11","Tamil Nadu","Chidambanar Toothukudi","20.01","89.44","4470.0"
"513","2011","11","Tamil Nadu","Chidambanar Toothukudi","103.92","356.2","3428.0"
"513","2012","11","Tamil Nadu","Chidambanar Toothukudi","6.23","24.38","3913.0"
"513","2013","11","Tamil Nadu","Chidambanar Toothukudi","11.73","55.45","4727.0"
"513","2014","11","Tamil Nadu","Chidambanar Toothukudi","16.28","84.11","5166.0"
"513","2015","11","Tamil Nadu","Chidambanar Toothukudi","18.56","74.56","4017.0"
"513","2016","11","Tamil Nadu","Chidambanar Toothukudi","18.56","74.56","4017.0"
"513","2017","11","Tamil Nadu","Chidambanar Toothukudi","13.69","60.95","4453.0"
"521","1990","11","Tamil Nadu","Thiruvannamalai","53.32","164.54","3086.0"
"521","1991","11","Tamil Nadu","Thiruvannamalai","106.9","326.99","3059.0"
"521","1992","11","Tamil Nadu","Thiruvannamalai","91.93","211.47","2300.0"
"521","1993","11","Tamil Nadu","Thiruvannamalai","98.0","257.0","2622.0"
"521","1994","11","Tamil Nadu","Thiruvannamalai","108.12","344.43","3186.0"
"521","1995","11","Tamil Nadu","Thiruvannamalai","101.45","262.68","2589.0"
"521","1996","11","Tamil Nadu","Thiruvannamalai","146.54","384.01","2621.0"
"521","1997","11","Tamil Nadu","Thiruvannamalai","142.22","405.68","2852.0"
"521","1998","11","Tamil Nadu","Thiruvannamalai","146.25","484.4","3312.0"
"521","1999","11","Tamil Nadu","Thiruvannamalai","97.39","303.01","3111.0"
"521","2000","11","Tamil Nadu","Thiruvannamalai","81.75","247.22","3024.0"
"521","2001","11","Tamil Nadu","Thiruvannamalai","122.69","370.96","3024.0"
"521","2002","11","Tamil Nadu","Thiruvannamalai","43.87","115.45","2632.0"
"521","2003","11","Tamil Nadu","Thiruvannamalai","70.72","198.45","2806.0"
"521","2004","11","Tamil Nadu","Thiruvannamalai","116.82","330.49","2829.0"
"521","2005","11","Tamil Nadu","Thiruvannamalai","142.74","393.53","2757.0"
"521","2006","11","Tamil Nadu","Thiruvannamalai","111.46","366.05","3284.0"
"521","2007","11","Tamil Nadu","Thiruvannamalai","112.15","385.91","3441.0"
"521","2008","11","Tamil Nadu","Thiruvannamalai","101.89","317.94","3120.0"
"521","2009","11","Tamil Nadu","Thiruvannamalai","105.18","324.98","3090.0"
"521","2010","11","Tamil Nadu","Thiruvannamalai","125.49","357.69","2850.0"
"521","2011","11","Tamil Nadu","Thiruvannamalai","63.94","302.48","4731.0"
"521","2012","11","Tamil Nadu","Thiruvannamalai","91.77","325.51","3547.0"
"521","2013","11","Tamil Nadu","Thiruvannamalai","82.63","359.4","4350.0"
"521","2014","11","Tamil Nadu","Thiruvannamalai","93.13","439.23","4716.0"
"521","2015","11","Tamil Nadu","Thiruvannamalai","138.88","550.74","3966.0"
"521","2016","11","Tamil Nadu","Thiruvannamalai","138.88","550.74","3966.0"
"521","2017","11","Tamil Nadu","Thiruvannamalai","161.71","704.25","4355.0"
"542","1992","11","Tamil Nadu","Nagapattinam","306.09","1028.22","3359.0"
"542","1993","11","Tamil Nadu","Nagapattinam","318.0","627.0","1972.0"
"542","1994","11","Tamil Nadu","Nagapattinam","321.13","1175.29","3660.0"
"542","1995","11","Tamil Nadu","Nagapattinam","288.84","676.61","2343.0"
"542","1996","11","Tamil Nadu","Nagapattinam","145.36","239.56","1648.0"
"542","1997","11","Tamil Nadu","Nagapattinam","156.95","269.63","1718.0"
"542","1998","11","Tamil Nadu","Nagapattinam","159.26","454.19","2852.0"
"542","1999","11","Tamil Nadu","Nagapattinam","163.62","547.52","3346.0"
"542","2000","11","Tamil Nadu","Nagapattinam","167.32","547.63","3273.0"
"542","2001","11","Tamil Nadu","Nagapattinam","168.27","427.5","2541.0"
"542","2002","11","Tamil Nadu","Nagapattinam","137.72","159.45","1158.0"
"542","2003","11","Tamil Nadu","Nagapattinam","136.04","259.87","1910.0"
"542","2004","11","Tamil Nadu","Nagapattinam","153.14","140.66","919.0"
"542","2005","11","Tamil Nadu","Nagapattinam","158.1","136.64","864.0"
"542","2006","11","Tamil Nadu","Nagapattinam","165.71","630.61","3806.0"
"542","2007","11","Tamil Nadu","Nagapattinam","154.04","289.32","1878.0"
"542","2008","11","Tamil Nadu","Nagapattinam","170.84","225.15","1318.0"
"542","2009","11","Tamil Nadu","Nagapattinam","157.86","432.03","2737.0"
"542","2010","11","Tamil Nadu","Nagapattinam","156.05","321.51","2060.0"
"542","2011","11","Tamil Nadu","Nagapattinam","170.04","577.03","3393.0"
"542","2012","11","Tamil Nadu","Nagapattinam","142.21","201.55","1417.0"
"542","2013","11","Tamil Nadu","Nagapattinam","154.75","605.33","3912.0"
"542","2014","11","Tamil Nadu","Nagapattinam","159.5","579.96","3636.0"
"542","2015","11","Tamil Nadu","Nagapattinam","163.79","338.26","2065.0"
"542","2016","11","Tamil Nadu","Nagapattinam","166.31","338.26","2034.0"
"542","2017","11","Tamil Nadu","Nagapattinam","163.89","447.45","2730.0"
"543","1994","11","Tamil Nadu","Villupuram","132.36","455.33","3440.0"
"543","1995","11","Tamil Nadu","Villupuram","119.21","421.83","3539.0"
"543","1996","11","Tamil Nadu","Villupuram","186.24","557.86","2995.0"
"543","1997","11","Tamil Nadu","Villupuram","178.16","566.36","3179.0"
"543","1998","11","Tamil Nadu","Villupuram","174.83","639.74","3659.0"
"543","1999","11","Tamil Nadu","Villupuram","158.64","561.58","3540.0"
"543","2000","11","Tamil Nadu","Villupuram","153.51","510.62","3326.0"
"543","2001","11","Tamil Nadu","Villupuram","155.56","561.13","3607.0"
"543","2002","11","Tamil Nadu","Villupuram","80.63","241.29","2993.0"
"543","2003","11","Tamil Nadu","Villupuram","75.28","234.75","3118.0"
"543","2004","11","Tamil Nadu","Villupuram","163.7","525.85","3212.0"
"543","2005","11","Tamil Nadu","Villupuram","168.44","511.93","3039.0"
"543","2006","11","Tamil Nadu","Villupuram","144.78","496.11","3427.0"
"543","2007","11","Tamil Nadu","Villupuram","145.4","480.33","3304.0"
"543","2008","11","Tamil Nadu","Villupuram","146.64","451.14","3077.0"
"543","2009","11","Tamil Nadu","Villupuram","148.45","467.83","3151.0"
"543","2010","11","Tamil Nadu","Villupuram","149.93","512.01","3415.0"
"543","2011","11","Tamil Nadu","Villupuram","129.86","471.62","3632.0"
"543","2012","11","Tamil Nadu","Villupuram","115.59","396.53","3430.0"
"543","2013","11","Tamil Nadu","Villupuram","170.44","796.61","4674.0"
"543","2014","11","Tamil Nadu","Villupuram","171.48","832.59","4855.0"
"543","2015","11","Tamil Nadu","Villupuram","182.3","773.31","4242.0"
"543","2016","11","Tamil Nadu","Villupuram","182.3","773.31","4242.0"
"543","2017","11","Tamil Nadu","Villupuram","163.63","703.29","4298.0"
"999","1998","11","Tamil Nadu","Chennai","0.0","0.0","0.0"
"999","1999","11","Tamil Nadu","Chennai","0.0","0.0","0.0"
"999","2000","11","Tamil Nadu","Chennai","0.0","0.0","0.0"
"999","2001","11","Tamil Nadu","Chennai","0.0","0.0","0.0"
"999","2002","11","Tamil Nadu","Chennai","0.0","0.0","0.0"
"999","2003","11","Tamil Nadu","Chennai","0.0","0.0","0.0"
"999","2004","11","Tamil Nadu","Chennai","0.0","0.0","0.0"
"999","2005","11","Tamil Nadu","Chennai","0.0","0.0","0.0"
"999","2006","11","Tamil Nadu","Chennai","0.0","0.0","0.0"
"999","2007","11","Tamil Nadu","Chennai","0.0","0.0","0.0"
"999","2008","11","Tamil Nadu","Chennai","0.0","0.0","0.0"
"1022","1996","11","Tamil Nadu","Karur","15.48","45.96","2969.0"
"1022","1997","11","Tamil Nadu","Karur","16.45","48.59","2954.0"
"1022","1998","11","Tamil Nadu","Karur","16.25","67.34","4144.0"
"1022","1999","11","Tamil Nadu","Karur","19.48","66.07","3392.0"
"1022","2000","11","Tamil Nadu","Karur","17.95","81.11","4519.0"
"1022","2001","11","Tamil Nadu","Karur","15.54","56.12","3611.0"
"1022","2002","11","Tamil Nadu","Karur","12.84","37.51","2921.0"
"1022","2003","11","Tamil Nadu","Karur","9.32","24.07","2583.0"
"1022","2004","11","Tamil Nadu","Karur","18.23","54.28","2978.0"
"1022","2005","11","Tamil Nadu","Karur","18.4","48.23","2621.0"
"1022","2006","11","Tamil Nadu","Karur","13.75","48.27","3511.0"
"1022","2007","11","Tamil Nadu","Karur","12.43","40.28","3241.0"
"1022","2008","11","Tamil Nadu","Karur","15.63","60.16","3849.0"
"1022","2009","11","Tamil Nadu","Karur","15.01","64.09","4270.0"
"1022","2010","11","Tamil Nadu","Karur","14.81","56.99","3848.0"
"1022","2011","11","Tamil Nadu","Karur","17.09","65.74","3847.0"
"1022","2012","11","Tamil Nadu","Karur","10.91","44.07","4039.0"
"1022","2013","11","Tamil Nadu","Karur","12.57","69.9","5561.0"
"1022","2014","11","Tamil Nadu","Karur","13.45","68.61","5101.0"
"1022","2015","11","Tamil Nadu","Karur","13.28","52.89","3983.0"
"1022","2016","11","Tamil Nadu","Karur","13.28","52.89","3983.0"
"1022","2017","11","Tamil Nadu","Karur","11.19","42.36","3784.0"
"1023","1996","11","Tamil Nadu","Namakkal","25.37","95.16","3751.0"
"1023","1997","11","Tamil Nadu","Namakkal","23.98","99.15","4135.0"
"1023","1998","11","Tamil Nadu","Namakkal","24.64","120.43","4888.0"
"1023","1999","11","Tamil Nadu","Namakkal","22.73","109.37","4812.0"
"1023","2000","11","Tamil Nadu","Namakkal","21.46","93.6","4362.0"
"1023","2001","11","Tamil Nadu","Namakkal","21.36","97.61","4570.0"
"1023","2002","11","Tamil Nadu","Namakkal","9.44","34.97","3704.0"
"1023","2003","11","Tamil Nadu","Namakkal","7.48","24.36","3257.0"
"1023","2004","11","Tamil Nadu","Namakkal","9.04","28.79","3185.0"
"1023","2005","11","Tamil Nadu","Namakkal","18.83","68.85","3656.0"
"1023","2006","11","Tamil Nadu","Namakkal","15.22","57.68","3790.0"
"1023","2007","11","Tamil Nadu","Namakkal","12.21","45.3","3710.0"
"1023","2008","11","Tamil Nadu","Namakkal","13.91","67.3","4838.0"
"1023","2009","11","Tamil Nadu","Namakkal","10.69","45.95","4298.0"
"1023","2010","11","Tamil Nadu","Namakkal","14.06","53.96","3838.0"
"1023","2011","11","Tamil Nadu","Namakkal","8.13","35.75","4397.0"
"1023","2012","11","Tamil Nadu","Namakkal","5.55","20.25","3649.0"
"1023","2013","11","Tamil Nadu","Namakkal","9.18","50.98","5553.0"
"1023","2014","11","Tamil Nadu","Namakkal","10.42","53.33","5118.0"
"1023","2015","11","Tamil Nadu","Namakkal","11.98","60.39","5041.0"
"1023","2016","11","Tamil Nadu","Namakkal","11.98","60.39","5041.0"
"1023","2017","11","Tamil Nadu","Namakkal","7.31","40.44","5532.0"
"1024","1996","11","Tamil Nadu","Perambular","47.58","142.2","2989.0"
"1024","1997","11","Tamil Nadu","Perambular","49.85","152.82","3066.0"
"1024","1998","11","Tamil Nadu","Perambular","51.4","139.1","2706.0"
"1024","1999","11","Tamil Nadu","Perambular","52.45","181.34","3457.0"
"1024","2000","11","Tamil Nadu","Perambular","54.61","174.82","3201.0"
"1024","2001","11","Tamil Nadu","Perambular","48.73","118.71","2436.0"
"1024","2002","11","Tamil Nadu","Perambular","35.88","60.51","1686.0"
"1024","2003","11","Tamil Nadu","Perambular","36.38","85.91","2361.0"
"1024","2004","11","Tamil Nadu","Perambular","46.43","108.51","2337.0"
"1024","2005","11","Tamil Nadu","Perambular","45.95","114.56","2493.0"
"1024","2006","11","Tamil Nadu","Perambular","41.93","131.98","3148.0"
"1024","2007","11","Tamil Nadu","Perambular","38.12","95.43","2503.0"
"1024","2008","11","Tamil Nadu","Perambular","12.4","38.16","3077.0"
"1024","2009","11","Tamil Nadu","Perambular","12.09","42.37","3505.0"
"1024","2010","11","Tamil Nadu","Perambular","14.25","54.71","3839.0"
"1024","2011","11","Tamil Nadu","Perambular","13.1","58.48","4464.0"
"1024","2012","11","Tamil Nadu","Perambular","7.3","20.89","2862.0"
"1024","2013","11","Tamil Nadu","Perambular","7.18","36.16","5036.0"
"1024","2014","11","Tamil Nadu","Perambular","8.99","43.43","4831.0"
"1024","2015","11","Tamil Nadu","Perambular","14.09","64.21","4557.0"
"1024","2016","11","Tamil Nadu","Perambular","3.32","9.44","2844.0"
"1024","2017","11","Tamil Nadu","Perambular","9.23","45.02","4876.0"
"1025","1996","11","Tamil Nadu","Theni","19.03","67.94","3570.0"
"1025","1997","11","Tamil Nadu","Theni","19.83","61.81","3117.0"
"1025","1998","11","Tamil Nadu","Theni","18.58","69.67","3750.0"
"1025","1999","11","Tamil Nadu","Theni","18.48","73.09","3955.0"
"1025","2000","11","Tamil Nadu","Theni","18.21","80.82","4438.0"
"1025","2001","11","Tamil Nadu","Theni","17.42","77.88","4471.0"
"1025","2002","11","Tamil Nadu","Theni","13.78","54.95","3988.0"
"1025","2003","11","Tamil Nadu","Theni","14.23","55.23","3881.0"
"1025","2004","11","Tamil Nadu","Theni","16.64","67.09","4032.0"
"1025","2005","11","Tamil Nadu","Theni","15.69","65.29","4161.0"
"1025","2006","11","Tamil Nadu","Theni","14.92","64.21","4304.0"
"1025","2007","11","Tamil Nadu","Theni","14.4","61.66","4282.0"
"1025","2008","11","Tamil Nadu","Theni","15.58","80.29","5153.0"
"1025","2009","11","Tamil Nadu","Theni","15.37","77.71","5056.0"
"1025","2010","11","Tamil Nadu","Theni","15.36","74.01","4818.0"
"1025","2011","11","Tamil Nadu","Theni","14.74","79.13","5368.0"
"1025","2012","11","Tamil Nadu","Theni","10.32","47.64","4616.0"
"1025","2013","11","Tamil Nadu","Theni","12.5","50.81","4065.0"
"1025","2014","11","Tamil Nadu","Theni","13.84","71.9","5195.0"
"1025","2015","11","Tamil Nadu","Theni","14.63","79.37","5425.0"
"1025","2016","11","Tamil Nadu","Theni","6.21","37.44","6029.0"
"1025","2017","11","Tamil Nadu","Theni","7.06","37.26","5281.0"
"1026","1996","11","Tamil Nadu","Tiruvarur","155.37","238.83","1537.0"
"1026","1997","11","Tamil Nadu","Tiruvarur","168.21","285.51","1697.0"
"1026","1998","11","Tamil Nadu","Tiruvarur","159.65","477.07","2988.0"
"1026","1999","11","Tamil Nadu","Tiruvarur","163.6","490.8","3000.0"
"1026","2000","11","Tamil Nadu","Tiruvarur","174.26","661.46","3796.0"
"1026","2001","11","Tamil Nadu","Tiruvarur","174.72","460.11","2633.0"
"1026","2002","11","Tamil Nadu","Tiruvarur","131.06","112.18","856.0"
"1026","2003","11","Tamil Nadu","Tiruvarur","121.44","169.43","1395.0"
"1026","2004","11","Tamil Nadu","Tiruvarur","148.61","239.81","1614.0"
"1026","2005","11","Tamil Nadu","Tiruvarur","156.1","243.45","1560.0"
"1026","2006","11","Tamil Nadu","Tiruvarur","176.9","586.38","3315.0"
"1026","2007","11","Tamil Nadu","Tiruvarur","151.63","311.31","2053.0"
"1026","2008","11","Tamil Nadu","Tiruvarur","178.04","206.61","1160.0"
"1026","2009","11","Tamil Nadu","Tiruvarur","166.25","483.13","2906.0"
"1026","2010","11","Tamil Nadu","Tiruvarur","160.24","285.59","1782.0"
"1026","2011","11","Tamil Nadu","Tiruvarur","86.73","459.4","5297.0"
"1026","2012","11","Tamil Nadu","Tiruvarur","158.9","192.84","1214.0"
"1026","2013","11","Tamil Nadu","Tiruvarur","174.37","820.54","4706.0"
"1026","2014","11","Tamil Nadu","Tiruvarur","192.62","852.93","4428.0"
"1026","2015","11","Tamil Nadu","Tiruvarur","194.74","666.96","3425.0"
"1026","2016","11","Tamil Nadu","Tiruvarur","186.96","332.91","1781.0"
"1026","2017","11","Tamil Nadu","Tiruvarur","181.0","699.92","3867.0"
"1027","1996","11","Tamil Nadu","Thiruvallur","107.08","322.03","3007.0"
"1027","1997","11","Tamil Nadu","Thiruvallur","111.9","434.77","3885.0"
"1027","1998","11","Tamil Nadu","Thiruvallur","120.13","471.02","3921.0"
"1027","1999","11","Tamil Nadu","Thiruvallur","110.97","433.65","3908.0"
"1027","2000","11","Tamil Nadu","Thiruvallur","93.06","329.3","3539.0"
"1027","2001","11","Tamil Nadu","Thiruvallur","94.42","321.61","3406.0"
"1027","2002","11","Tamil Nadu","Thiruvallur","87.76","279.52","3185.0"
"1027","2003","11","Tamil Nadu","Thiruvallur","74.94","195.54","2609.0"
"1027","2004","11","Tamil Nadu","Thiruvallur","66.73","199.89","2996.0"
"1027","2005","11","Tamil Nadu","Thiruvallur","96.99","271.58","2800.0"
"1027","2006","11","Tamil Nadu","Thiruvallur","89.67","318.47","3552.0"
"1027","2007","11","Tamil Nadu","Thiruvallur","78.71","286.01","3634.0"
"1027","2008","11","Tamil Nadu","Thiruvallur","82.24","315.86","3841.0"
"1027","2009","11","Tamil Nadu","Thiruvallur","80.94","256.29","3166.0"
"1027","2010","11","Tamil Nadu","Thiruvallur","83.22","250.21","3007.0"
"1027","2011","11","Tamil Nadu","Thiruvallur","79.22","313.04","3952.0"
"1027","2012","11","Tamil Nadu","Thiruvallur","78.34","300.46","3835.0"
"1027","2013","11","Tamil Nadu","Thiruvallur","95.83","451.52","4712.0"
"1027","2014","11","Tamil Nadu","Thiruvallur","96.35","426.2","4423.0"
"1027","2015","11","Tamil Nadu","Thiruvallur","101.4","333.2","3286.0"
"1027","2016","11","Tamil Nadu","Thiruvallur","96.97","297.13","3064.0"
"1027","2017","11","Tamil Nadu","Thiruvallur","102.61","412.85","4024.0"
"1077","2008","11","Tamil Nadu","Ariyalur","24.57","75.63","3078.0"
"1077","2009","11","Tamil Nadu","Ariyalur","25.98","80.46","3097.0"
"1077","2010","11","Tamil Nadu","Ariyalur","25.21","97.87","3882.0"
"1077","2011","11","Tamil Nadu","Ariyalur","24.1","97.26","4036.0"
"1077","2012","11","Tamil Nadu","Ariyalur","17.52","36.39","2077.0"
"1077","2013","11","Tamil Nadu","Ariyalur","24.44","131.66","5387.0"
"1077","2014","11","Tamil Nadu","Ariyalur","23.11","116.24","5030.0"
"1077","2015","11","Tamil Nadu","Ariyalur","24.41","124.18","5087.0"
"1077","2016","11","Tamil Nadu","Ariyalur","24.41","121.18","4964.0"
"1077","2017","11","Tamil Nadu","Ariyalur","22.66","99.22","4378.0"
"1080","2003","11","Tamil Nadu","Krishnagiri","11.51","20.95","1820.0"
"1080","2004","11","Tamil Nadu","Krishnagiri","17.62","45.25","2568.0"
"1080","2005","11","Tamil Nadu","Krishnagiri","21.98","57.8","2630.0"
"1080","2006","11","Tamil Nadu","Krishnagiri","17.89","51.04","2853.0"
"1080","2007","11","Tamil Nadu","Krishnagiri","14.98","47.67","3182.0"
"1080","2008","11","Tamil Nadu","Krishnagiri","14.62","52.3","3577.0"
"1080","2009","11","Tamil Nadu","Krishnagiri","16.49","64.98","3941.0"
"1080","2010","11","Tamil Nadu","Krishnagiri","16.34","70.13","4292.0"
"1080","2011","11","Tamil Nadu","Krishnagiri","20.11","91.44","4547.0"
"1080","2012","11","Tamil Nadu","Krishnagiri","17.75","72.19","4067.0"
"1080","2013","11","Tamil Nadu","Krishnagiri","29.7","143.4","4828.0"
"1080","2014","11","Tamil Nadu","Krishnagiri","19.26","94.09","4885.0"
"1080","2015","11","Tamil Nadu","Krishnagiri","22.81","102.31","4485.0"
"1080","2016","11","Tamil Nadu","Krishnagiri","15.99","69.58","4352.0"
"1080","2017","11","Tamil Nadu","Krishnagiri","24.89","118.04","4743.0"
"2020","2008","11","Tamil Nadu","Thiruppur","11.06","20.64","1866.0"
"2020","2009","11","Tamil Nadu","Thiruppur","11.96","50.18","4196.0"
"2020","2010","11","Tamil Nadu","Thiruppur","11.8","46.95","3979.0"
"2020","2011","11","Tamil Nadu","Thiruppur","10.61","48.94","4613.0"
"2020","2012","11","Tamil Nadu","Thiruppur","0.25","0.6","2400.0"
"2020","2013","11","Tamil Nadu","Thiruppur","7.51","43.38","5776.0"
"2020","2014","11","Tamil Nadu","Thiruppur","10.78","61.92","5744.0"
"2020","2015","11","Tamil Nadu","Thiruppur","10.65","48.17","4523.0"
"2020","2016","11","Tamil Nadu","Thiruppur","1.7","6.42","3771.0"
"2020","2017","11","Tamil Nadu","Thiruppur","7.62","42.75","5613.0"